,Id,Reviews,UserName
0,101,"[""Unbelievable! phone is 100 percent original and value for money, don't know how seller managed to offer the phone in such a cheap price, moreover its officially PTA approved. seller deserves 10 stars"", 'Genuine samsung mobile, well packed, pta approved. I like it. Very beautiful mobile and hope it will be long lasting experience. #11.11', '#11.11 Mobile without mobile warranty card, charger but seems good, packing was not good delivery is pathatic']","['Muhammad B.', 'Musadique S.', 'S***.']"
1,102,"['this is the initial review. the phone is the same as shown.good thing is that it is managed directly by Daraz. packaging was amazing. order came 1 day late only.', 'Daraz is very helpfulğŸ˜ğŸ˜I was not have enough money to buy this range mobile so i buy on installment from darazğŸ˜ğŸ˜ğŸ˜ Mobile ki look boht achi hy or is range mai best hyğŸ˜Thanks daraz and sellerğŸ¤“', 'Camera satisfactory nh ha, Baki mobile ok ha']","['Gohar I.', 'Yasir Q.', '3***4']"
2,103,"['I got what was shown, but I want to tell about the seller that my chat was not responded even after a couple of days, so please make your availability there so that the customer can place the order with full sitesify. Because the amount matters But my goal was to buy the product from there, so I took what I have and it is ğŸ’¯ %authentic, and the warranty has not started yet, But the handsfree did not come out of the box, maybe not provided by the company. So the Overall experience was great and the seller is highly recommended. Thanks Daraz & Seller.ğŸ¥°', 'Great Experience as usual and I have purchased many mobiles from DARAZ but this time get maximum discount in 11/11 Sales on Note 30 pro', 'Asalam o alikum so nice Mob bht acha hai ğŸ‘Œsame as show iâ€™m satisfied to daraz thanks daraz and delivery time also good']","['Snake E.', 'israr A.', 'basit 7.']"
3,104,"['Alhamdulillah same recieved as shown in picture. Same specifications A1 condition and fast delivery. Thanks Daraz. i recmond it and i order one more.', 'achhi packing but charging adapter was normal no handsfree no protector no mobile cover baqi use kr ke pta chalay ga dekhnay nice hai', 'mobile is just go0d. average in use.. bettery timing is go0d.. camera is just average. overall ghar use k lia thek hai jaha bs call waghaira k lia instmal hota ho']","['3***8', '3***1', 'Haseeb A.']"
4,105,"['#11.11 PTA approved device received safely. Mobile battery was low and required charging before getting on.', 'everything is perfect colour b same aya..ğŸ˜‡ I am so happy thanks Daraz ..â¤ highly recommended... ğŸ‘ŒğŸ‘', '#11.11 sale main good mobile mil gaya hy market sy bhi sasta same as shown in the picture ğŸ˜º reviews dekh ky tu dar gaya tha but â¤ï¸ genuine product hy pin pack pta approved and non active']","['Habib R.', 'ChefMisbah', 'junaid K.']"
5,106,"['phone is damaged from edges, pictures uploaded', 'Same As Described original product found in reasonable price than Market', 'Seller is fraud. He is sending Redmi 12C instead of Redmi Note 12. DARAZ.PK should take action on this. In last 1 week multiple reviews came from buyers as they have received wrong product. Fortunately i have recorded video while opening my parcel. I have attached video evidence. I hope Daraz.pk will take immediate action and compensate the buyers on priority. I will never order from this store again.']","['Asif B.', 'M F.', 'Bilal B.']"
6,107,"['Ù¾Ù† Ù¾ÛŒÚ© ÙÙˆÙ† ÛÛ’Û” Ø¬Ùˆ Ù„ÙˆÚ¯ Ú©ÛØªÛ’ ÛÛŒÚº Ú©Û ÚˆØ¨Û’ Ù…ÛŒÚº Ú©Ú†Ú¾ Ú†ÛŒØ²ÛŒÚº Ú©Ù… ÛÛŒÚº Û” ØªÙˆ Ø´Ø§Ø¦Ø¯ Ø§Ø³ Ú©ÛŒ ÙˆØ¬Û ÛŒÛ ÛÛ’ Ú©Û ÛŒÛ Ù…Ø§ÚˆÙ„ Ú†Ø§Ø¦Ù†Û Ø§Ø³Ù…Ø¨Ù„ ÛÛ’ Û” Ø¨Ø§Ù‚ÛŒ Ø§Ù„Ù„Û Ø¨ÛØªØ± Ø¬Ø§Ù†ØªØ§ ÛÛ’Û”', ""It's 128 gb variant not available in Pakistan but the seller has amazingly provided it. The product is genuine, received well packed and timely deievered. Thanks to seller and daraz..."", '#11.11 To cut the long story short: all is well and of fine quality.... really satisfied with each and every single thing.. #11.11']","['abdul S.', 'Iqbal S.', '3***2']"
7,108,"['Excellent ğŸ‘ Pin pack device with mega discount in #11.11 #11.11 seller is honest Daraz has become a life patner. Thanks Daraz. Thanks Tecno Pakistan.', 'Mobil is little bit slow, camera result average. Seller is not cooperating but product received is well packed and as per mentioned specifications', 'Tecno Spark 10 Pro ğŸ’¯% original mobile, PTA approved, sealed pack, box pack, with all accessories. thank and love u daraz and seller ğŸ¥°ğŸŒ¹ğŸ‘']","['Muhammad Z.', 'A***.', 'aamir B.']"
8,109,"['very very beautiful mobile ..i very happy.. price b okk.thanks daraz and seller ..thanku', 'Awesome mobile recieved on time very fast processor lovely color seller are very cooperative totally satisfied ğŸ‘ŒğŸ‘', 'thank you Daraz. kam price m achi chiz. saller bht acha h. mobile bht acha h. jaisa dikha waisa paya']","['Mohammad N.', 'Yasir M.', 'Shahid B.']"
9,110,"['original set and PTA approved set hai. boht hi aala mobile hai, mat forest green color hai. actual price of mobile was Rs.45000 but I ordered during daraz #11.11 sale and I got in Rs.42000 by availing two discount vouchers. daraz ny mobile buy karny ki bhi tension dur kar di hai, ghar bethy original mobile wo bhi market sey low price mein. Thanks daraz.pk', '#11.11 jitni tareef kru utni kam hy mashallah AJ tak ka sab se behtareen or aala qism ka mobile hy Meri review hy 10/10 mashallah so happy ğŸ˜ŠğŸ˜Š', 'Product quality is amazing and reached safe at doorstep. Seller is really cooperative and friendly in communication. Recieved product as it is reflected on Daraz. Original product. 100% Gebuin. However, around Rs.2000 costly than physical market. Prices should be aligned to the market rate to eradicate price manipulation. Overall, satisfied with product quality but not satisfied with delivery and product price.']","['Hamza', 'Raza A.', 'Barkat A.']"
10,111,"['very fast delivery and origional sealed pack mobile I am satisfied', 'Ø³Ø§Ù… Ø³Ù†Ú¯ 2023 Ú©ÛŒ Ø¨ÛØªØ±ÛŒÙ† Ù¾Ø±ÙˆÚˆÚ©Ù¹ ÛÛ’ Ø¨ÛØªØ±ÛŒÙ† ÚˆØ³Ú©Ø§Ø¤Ù†Ù¹ Ø´Ú©Ø±ÛŒÛ', 'not recommended, not a good set, camera not good,touch very poor, performance also poor, charger not included in box. be careful']","['faheem', 'Khurram J.', 'Malik S.']"
11,112,"['Mobile was repacked there was no company seal when i confirmed from MI service center they confirm that mobile was Repacked and was Activated 11 days before purchasing date and this shop owner have Assured me and other customers that mobile is not repacked and you will activate for the first time they lied and they are selling the product at increased price from official price but we have comprised on price that they will give us seal pack product but they scammed us and given us a repacked product which was activated before Purchasing.', 'Nice mobile delivery in time thanks for seller', 'thank you draz and thank you seller bohat Acha mobile Hy or same colour Jo order Kia tha bohat Acha seller Hy over all very nice and good experience']","['Asim A.', 'Faisal K.', '3***6']"
12,113,"[""Original Product, Packing for logistics was excellent. Delivered on first promised day( took 4 days to deliver a standard time. price slight higher than company declared price and market price but it's ok in case of 0%installments"", 'Thanks to the seller for the phone the same as I ordered, the same color keeps your trust to people but guarantee card is Missing I ordered one more same mobile with an other number', 'received my package today good looking mobile in this price tag.']","['Nasir', '3***1', 'Atif S.']"
13,114,"['It was an absolutely amazing experience. ordered on the 17th-October night and got it around 01-pm afternoon on 18th-October in less than 12 hours. As far as the product is concerned, Samsung is always a great experience as I have been a user of it since the beginning of the Android era back in 2010. Thanks, Daraz and seller, for extreme level service. Daraz is a highly recommended e-commerce platform of Pakistan from 2016 to till date, never disappointed me with services.', 'Perfect packing timely delivery original product 100% Authentic excellent experience Highly recommended for those who afraid to buy costly items online . thanx seller n Daraz.', 'Excellent ğŸ‘Œ']","['Muhammad K.', 'Umar', 'khan K.']"
14,115,"['1 . Look & Design: Phone is awesome in look very beautiful design. Feels like premium flagship 2. Performance : Satisfactory 3. Battery : Awesome 4. Front Camera Average 5. Back Camera : Good but not excellent 6. Over all : Value for money. Recommended this item.', 'Ø¨ÛØª ÛÛŒ Ø§Ú†Ú¾Ø§ Ù…ÙˆØ¨Ø§Ø¦Ù„ ÛÛ’ Ø§ÙˆØ± Ø¨ÛØª Ù¾ÛŒØ§Ø±ÛŒ Ù¾ÛŒÚ©Ù†Ú¯ ÛÛ’ Ø¨ÛŒØ³Ù¹ Ú©ÙˆØ§Ù„Ù¹ÛŒ Ú©Ø§ Ù…ÙˆØ¨Ø§Ø¦Ù„ ÛÛ’ Ø§ÙˆØ± Ø¨ÛØª ÛÛŒ Ú©Ø§Ù… Ù‚ÛŒÙ…Øª Ù…ÛŒÚº', 'I like the product its non active device and nicely company packed. I Always order from your store. ğŸ‘ thanks i received samecolor as i want']","['Abdul S.', '3***8', 'M J.']"
15,116,"['Zabrdast mobile hy. Original packing k sath. Markeet me final 39000 ka mil raha tha. Daraz se 36500 ka mila hy. Thnkew daraz', 'Thanks Daraz. Original device in a low price and deliver safely on time. Keep it up', 'best mobile good and save and fast delivery on time.. thank you selar thank you daraz']","['Syyeda Q.', 'zahid I.', 'Saima A.']"
16,117,"['Assalam u Alaikum Received before due date original product,packing was a little poor , but seller is coprative.It was my first purchase on installment happy to get it on 0% Mark up', 'The seller was very cooperative and delivered the phone in just 3 days upon my request. The phone is just perfect and everything what I was looking for.', 'Same as described.. Amazing Packing and received just in 2 days.. Highly recommend']","['Abdul G.', 'S***n', '*******686']"
17,118,"['mobile bahot acha hai. 8 gb ram h aor rom 128 gb hain. software normal lag ra h. camera theek h. overall ais price m zabardast chiz h. saller bahot acha bnda h. main nay usy msg kr kr bht tang kya ğŸ˜‚ lkn saller nay mjhy hr bar reply di. thank you Daraz and thank you saller', 'It is the best product and the original as I have advertised, I have got no two opinions, you also order you will like daraz and service is also good and the thing is also cute and has come with absolutely good Awesome products and original Spark phone with box and charger and warranty crad thank you daraz', 'slam or thanks daraz bhot hi service ha 1din phly hi parsl rcve ho gay ha save packing Kay shat bhot hi ache device ha 2din use kry KY bad bhe koi isu ni Aya again thanks daraz']","['Shahid B.', 'Ahmad N.', '3***8']"
18,119,"['UNBEATABLE PRICE BY SELLER VERY CO OPERATIVE SELLER BUT VERY LATE ANSWERING . OVERALL 10/10 THANK YOU TO DARAZ PLATFORM', 'Product is original and as per details given. Delivered well before the committed time. Good presentable packaging, delivery is safe and sound.recommended the saller.', 'this phone is awesome in this price. specs are absolutely fantastic as compared to market. price is very reasonable and I got extra discount from my bank card so I can say I got this phone cheaper than market. very lightweight and speed is very good I am happy to buy this. #11.11']","['Muneeb R.', 'Aziz U.', 'M. N.']"
19,120,"['Excellent product, genuine and original product, PTA approved. No Patched mobile. Seller sounds a very professional and committed in such deals. strongly recommended and feel free to buy this product. Thank you Daraz and Grateful to you Dear Seller...', '#11.11 received as per specs mentioned. highly recommended.', 'Box was sealed and came with all accessories. The seller is recommended for geniune product.']","['Muhammad A.', 'Asif M.', 'Shaan U.']"
20,121,"['Mashallah 11.11 Sale Received safe packed PTA approved Dilivered in time response excellent Great Quality Satisfied original item received thanks seller and Daraz ğŸ‘ğŸ‘ğŸ˜ğŸ˜Š', 'Quality is good. Original product. Non activated', '# 11.11 brand new. pin packed. good quality. got in 20000/- only. made in Pakistan. Seller Recommended.']","['Raz M.', 'Muhammad Y.', 'AC R.']"
21,122,"['received Original Product of Redme... Seller Response Very Good and Early. Satisfied ğŸ‘', 'Mobile to Pinpack hai jaldi bi Ponch aya laikn delivery walo ne us adress pe nahi ponchaya jo adress dia tha balke call kr ke inform kia gaya or kaha gaya k a ke khud le jaye jiske ko laine k kiye mujhe 12 km dor ja ke kaina para bht afsos howa is bat pe.', 'Great mobile, fast charging bhi nahi hai and No Glass No Cover. Best for my Rayyan Ali Khan.']","['Muhammad U.', 'Saeed K.', 'Yar M.']"
22,123,"['Great phone and in same condition box packed sealed. Orrigional accessories. Everything is great but delivery was not good by leopard. They tell that delivery is not in that area.', 'Mashallah phone Tu great ha budget friendly value for money packing company packing mei tha seal pack sound system JBL company Ka ha sound la Jawab ha 10/10 for seller and for phone 10/8', 'Ù…ÙˆØ¨Ø§Ø¦Ù„ Ø²Ø¨Ø±Ø¯Ø³Øª ÛÛ’ Ø§ÙˆØ± Ø¨ÛØª ÛÛŒ Ù…Ù†Ø§Ø³Ø¨ Ù‚ÛŒÙ…Øª Ù…ÛŒÚº Ù…Ù„Ø§ ÛÛ’ Û” 8 Ø¬ÛŒ Ø¨ÛŒ 256 Ø¬ÛŒ Ø¨ÛŒ Ù…ÛŒÚº ÛŒÛ Ø¨ÛŒØ³Ù¹ Ø¢Ù¾Ø´Ù† ÛÛ’ Û” Ø§ÙˆØ± Ø³ÛŒÙ„Ø± Ø¨Ú¾Ø§Ø¦ÛŒ Ù†Û’ Ø¨ÛØª ÛÛŒ ØªØ¹Ø§ÙˆÙ† Ú©ÛŒØ§ Û” ÛØ± Ú†ÛŒØ² Ø¨ÛØª Ø¨ÛØªØ±ÛŒÙ† Ø·Ø±ÛŒÙ‚Û’ Ø³Û’ ÙˆØ§Ø¶Ø­ Ú©ÛŒÛ” Ø¨Ø§Ù‚Ø§Ø¹Ø¯Û Ø¢Ù† Ù„Ø§Ø¦Ù† ÙˆØ§Ø±Ù†Ù¹ÛŒ Ø¨Ú¾ÛŒ Ú†ÛŒÚ© Ú©Ø±ÙˆØ§Ø¦ÛŒ Ú¯Ø¦ÛŒÛ” Ø¬Ùˆ Ø¯ÙˆØ³Øª Ø¨Ú¾ÛŒ Ù„ÛŒÙ†Ø§ Ú†Ø§ÛØ¦ÛŒÚº Ø¶Ø±ÙˆØ± Ù„ÛŒÚº Ø§Ù†Ø´Ø§Ø¡ Ø§Ù„Ù„Û Ù†Ø§ Ø§Ù…ÛŒØ¯ Ù†ÛÛŒÚº ÛÙˆÚº Ú¯Û’ Ø§ÙˆØ± Ø§Ù†Ø´Ø§Ø¡ Ø§Ù„Ù„Û Ø§Ú†Ú¾ÛŒ Ú†ÛŒØ² Ù…Ù„Û’ Ú¯ÛŒÛ” Ø¢Ø±ÚˆØ± Ú©Ø±Ù†Û’ Ú©Û’ ØªÛŒØ³Ø±Û’ Ø¯Ù† Ù…ÙˆØ¨Ø§Ø¦Ù„ Ú¯Ú¾Ø± Ù¾ÛÙ†Ú† Ú¯ÛŒØ§ Ù…Ø§Ø´Ø§Ø¡Ø§Ù„Ù„Û Ø¨ÛØª ÛÛŒ Ø¹Ù…Ø¯Û Ø³Ø±ÙˆØ³ Û” Ø§Ù„Ù„Û Ø³Ø¨Ø­Ø§Ù†Û ÙˆØªØ¹Ø§Ù„ÛŒ Ø¬Ø²Ø§Ø¦Û’ Ø®ÛŒØ± Ø¹Ø·Ø§ ÙØ±Ù…Ø§Ø¦ÛŒÚº Ø¢Ù…ÛŒÙ†']","['Meerullah', 'Abdul G.', 'rizwan R.']"
23,124,"['Amazing phone within the discounted price of #11.11 I would recommend everyone if you are looking to get the basics done alright and donâ€™t want to spend too much this is the right choice. Quality is not cheap like other phones in this budget. However I do have one complaint as the phone down have a case in the box and no warranty card. #11.11', 'i am using this mobile for 5 days now. best mobile for basic tasks like whatsapp call youtube etc. i received it on 11.11 sale at price 15k which is too good deal. everyone appriciate its look. working smooth and battery timing is too good. ğŸ‘', 'Received Brand new box packed mobile. Quality Seems to be good. Performance is also fine. Excellent product, Original and value for Money.']","['Muhammad U.', 'bilal K.', 'Muhammad U.']"
24,125,"['I ordered vgotel note23, came with charger and hand free nice mobile overall good experience but price is a bit different than market.']",['mateen']
25,126,"['Thanx a lot OPPO Mobile Pakistan for quality product which i ordered & Daraz for in time delivery.', 'I recently received my parcel from the official Oppo store, and while the phone itself is excellent and original, I was disappointed with the packaging. The box arrived damaged, and there were no bubble wrap or proper protection inside. However, I must commend the seller for their polite and reasonable behavior throughout the process. I hope they improve their packaging to ensure better protection for future shipments. #OnlineShopping #OppoStore #CustomerExperience', 'Good Service.. Mobile recieved on time ğŸ‘']","['inam U.', 'Saima N.', '3***2']"
26,127,"['its PTA approved device..', 'Very Nice Mobile Thanks']","['Qasim I.', 'Raheel A.']"
27,128,"['Mobile phone kamal ka. tha bilkul ok piece tha.', 'Baki Mobil tu thk ha but battery timing thori fast ha baki best ha thanks draz seller', 'bhot hi acha ha atna price ma acha hi atya ha']","['Ali H.', 'farhat B.', 'Hamza K.']"
28,129,"['Recommended seller ğŸ’¯ fast shipping, pin packed.This phone has been warranty active 6 weeks ago on manufacture date by Samsung. Phone is original and has not been repacked. The warranty is 24 months and will expire september 2025.So hurry up before your favorite color is sold out.', ""In description section it says: What's in the box = 1 Phone , 1 Charger. But there is no Charger in the box. I know Samsung latest phone don't have chargers anymore, But then, why did your write it Like that. Moreover, the description/Specification Style of this phone in the daraz store was the worst thing I have ever seen. Kindly hire someone good. Other then of that, Original Seller(Samsung Flagship Store) is Selling Original/Sealed mobile phones. Good Delivery Service. So overall 3 Star"", '#RWC2. Genuine product with quick delivery.']","['M***.', '3***2', 'faizan R.']"
29,130,"['mobile ki packing bhi achi ha.or original sumsang ki packing ki halat ma received howa ha dil khush kar diya daraz ki service na', 'Nice Cell phone delivered safely but 1 thing is shameful that no adopter with mobile at this heavy price.. only data cable found in the box .. Great services by daraz', 'Thanks a lot Daraz for their phenomenal service and a great discount of 5000 the device is very reasonablekeeping the current situation of the inflation I would highly recommend this over all other Chinese brands the look and feel of the device is awesome same like the flagship series of samsung and performance is also acceptable overall the only drawback being the charger not included with the device, which adds another couple of thousand to the already inflated price But still I like the phone thanks again daraz for providing the great experience and service Thanks a lot Daraz ğŸ˜Šâ£ï¸ğŸ’¥']","['habib H.', 'Mrs A.', 'UMER']"
30,131,"['Deliver in 3 days No warrenty card No handfrees in box Only charger and low quality backcover in box Light weight Pakistan make set sparx Not Techno Spark Neo X But har cheez kam kar rahi hai design Acha hai Color Jo mangwaya wohi aya', 'Bht acha mobile he .Thank you.EXCELLENT Service.Delivered on time.', 'so reasonable so beautiful just like a woo â¤ï¸ğŸ˜ŠğŸ˜‚ thanks daraz and thnks seller ğŸ‘']","['3***0', '3***1', 'Muhammad M.']"
31,132,[],[]
32,133,"['befor 11.11 Sale Excellent Masha Allah and Jazak Allah for seller Allah karobar me barkat de same as shown or saller ne mujhe new dia stock abhi warrant start bhi nhi hui hai jan-24 se Dec-23 ki Warenty hai Thank You Seller & Daraz jitni Tareef ki jai kam hai 100% Geniun & Recomended', 'excelllent quality same as shown super sy bhi uper daraz sy jab bhi order kia A One rha i love daraz tanx seller also hamara itemaad bnanay k liayğŸ‘©\u200dğŸ“', 'great it as shown it was my 6th order good experience highly recommanded daraz ...A weekness delivery is too slow..... thanks Daraz and seller...mob have no privacy system very bad']","['Rizwan A.', 'M H.', 'Zahid A.']"
33,134,"[""well packed, buht hi acha original mobile,, very fast delivery within just 2 days. good seller, I'm very happy and satisfied, thanks"", 'mobile is 100% genuine....ğŸ˜ sealed pack.... seller is so much co operative... ğŸ¥° price is very low than other sellers or market....ğŸ‘ recommended to all....ğŸ‘ğŸ‘ thanks ğŸ’š', 'Great seller, Awesome, thank you so much.recommended seller']","['Amjid H.', 'Usman A.', '0***8']"
34,135,"[""it's really was a good experience , mobile phone has a brand new look, it's performance in future will prove it's ultimate quality and cost effectiveness"", 'The phone is damaged and is not working . Has been a week that I ordered a return request but havenâ€™t received any rider who can pick up the defected piece', 'Ù¾Ù„ÛŒØ² Ø³Ø± Ø§Ù¾Ù†Ø§ Ú†ÛŒØ² ÙˆØ§Ù¾Ø³ Ù„Û’ Ø¬Ø§Ùˆ Ù†ÛÛŒÚº Ú†Ø§Û’ ÛÙ…']","['3***1', 'Umer F.', '*******847']"
35,136,"['i loved the phone, its orignal n sealed brand new phone. Thank you seller.', '#11.11 excellent quality', 'mujhe mbl receive howa hai good ğŸ‘ in time and same Samsung product Jo market mn 40000 mn mil rhi this wahine daraz pe 32500 mn Melissa hai']","['3***5', 'M***.', 'Hassan A.']"
36,137,"['Securely packed and delivered. Exactly as described and ordered. There was no Tech Sirat Warranty card in the box. So I have reservations there. Apart from the warranty card All is Well.', 'Very good product and delivered on time. so far this year it is the best phone in 50K', 'Received same as advertised with color']","['Mohsin B.', 'Majid R.', 'arshad I.']"
37,138,"['MashAllah this seller Rocks once again. shayed kuch pakistanio k isi imaandari k badolat hamara mulk abhi tak salamat hai. Allah apke karobar main bht barkat dey. Excellant product. market main is rate main box pack available nhi. pehlay bhi maine inse Itel ka mobile lia tha wo bhi bht acha tha. Thanks alot seller and specially for Daraz to provide such reliable platform for us. jazak Allah.', 'not good mobile', 'Its not a good phone at all, Purana Software hy Q Mobile jesa chalta bi thk say nahi hy battery bi jaldi low krta hy, Sastay kay chakr ma apna time aur paisa waste na karen. .']","['Dr N.', 'Muhammad N.', 'Asad V.']"
38,139,"[""Unbelievable! phone is 100 percent original and value for money, don't know how seller managed to offer the phone in such a cheap price, moreover its officially PTA approved. seller deserves 10 stars"", 'Genuine samsung mobile, well packed, pta approved. I like it. Very beautiful mobile and hope it will be long lasting experience. #11.11', '#11.11 Mobile without mobile warranty card, charger but seems good, packing was not good delivery is pathatic']","['Muhammad B.', 'Musadique S.', 'S***.']"
39,140,"['this is the initial review. the phone is the same as shown.good thing is that it is managed directly by Daraz. packaging was amazing. order came 1 day late only.', 'Daraz is very helpfulğŸ˜ğŸ˜I was not have enough money to buy this range mobile so i buy on installment from darazğŸ˜ğŸ˜ğŸ˜ Mobile ki look boht achi hy or is range mai best hyğŸ˜Thanks daraz and sellerğŸ¤“', 'Camera satisfactory nh ha, Baki mobile ok ha']","['Gohar I.', 'Yasir Q.', '3***4']"
40,141,"['I got what was shown, but I want to tell about the seller that my chat was not responded even after a couple of days, so please make your availability there so that the customer can place the order with full sitesify. Because the amount matters But my goal was to buy the product from there, so I took what I have and it is ğŸ’¯ %authentic, and the warranty has not started yet, But the handsfree did not come out of the box, maybe not provided by the company. So the Overall experience was great and the seller is highly recommended. Thanks Daraz & Seller.ğŸ¥°', 'Great Experience as usual and I have purchased many mobiles from DARAZ but this time get maximum discount in 11/11 Sales on Note 30 pro', 'Asalam o alikum so nice Mob bht acha hai ğŸ‘Œsame as show iâ€™m satisfied to daraz thanks daraz and delivery time also good']","['Snake E.', 'israr A.', 'basit 7.']"
41,142,"['Alhamdulillah same recieved as shown in picture. Same specifications A1 condition and fast delivery. Thanks Daraz. i recmond it and i order one more.', 'achhi packing but charging adapter was normal no handsfree no protector no mobile cover baqi use kr ke pta chalay ga dekhnay nice hai', 'mobile is just go0d. average in use.. bettery timing is go0d.. camera is just average. overall ghar use k lia thek hai jaha bs call waghaira k lia instmal hota ho']","['3***8', '3***1', 'Haseeb A.']"
42,143,"['#11.11 PTA approved device received safely. Mobile battery was low and required charging before getting on.', 'everything is perfect colour b same aya..ğŸ˜‡ I am so happy thanks Daraz ..â¤ highly recommended... ğŸ‘ŒğŸ‘', '#11.11 sale main good mobile mil gaya hy market sy bhi sasta same as shown in the picture ğŸ˜º reviews dekh ky tu dar gaya tha but â¤ï¸ genuine product hy pin pack pta approved and non active']","['Habib R.', 'ChefMisbah', 'junaid K.']"
43,144,"['phone is damaged from edges, pictures uploaded', 'Same As Described original product found in reasonable price than Market', 'Seller is fraud. He is sending Redmi 12C instead of Redmi Note 12. DARAZ.PK should take action on this. In last 1 week multiple reviews came from buyers as they have received wrong product. Fortunately i have recorded video while opening my parcel. I have attached video evidence. I hope Daraz.pk will take immediate action and compensate the buyers on priority. I will never order from this store again.']","['Asif B.', 'M F.', 'Bilal B.']"
44,145,"['Ù¾Ù† Ù¾ÛŒÚ© ÙÙˆÙ† ÛÛ’Û” Ø¬Ùˆ Ù„ÙˆÚ¯ Ú©ÛØªÛ’ ÛÛŒÚº Ú©Û ÚˆØ¨Û’ Ù…ÛŒÚº Ú©Ú†Ú¾ Ú†ÛŒØ²ÛŒÚº Ú©Ù… ÛÛŒÚº Û” ØªÙˆ Ø´Ø§Ø¦Ø¯ Ø§Ø³ Ú©ÛŒ ÙˆØ¬Û ÛŒÛ ÛÛ’ Ú©Û ÛŒÛ Ù…Ø§ÚˆÙ„ Ú†Ø§Ø¦Ù†Û Ø§Ø³Ù…Ø¨Ù„ ÛÛ’ Û” Ø¨Ø§Ù‚ÛŒ Ø§Ù„Ù„Û Ø¨ÛØªØ± Ø¬Ø§Ù†ØªØ§ ÛÛ’Û”', ""It's 128 gb variant not available in Pakistan but the seller has amazingly provided it. The product is genuine, received well packed and timely deievered. Thanks to seller and daraz..."", '#11.11 To cut the long story short: all is well and of fine quality.... really satisfied with each and every single thing.. #11.11']","['abdul S.', 'Iqbal S.', '3***2']"
45,146,"['Excellent ğŸ‘ Pin pack device with mega discount in #11.11 #11.11 seller is honest Daraz has become a life patner. Thanks Daraz. Thanks Tecno Pakistan.', 'Mobil is little bit slow, camera result average. Seller is not cooperating but product received is well packed and as per mentioned specifications', 'Tecno Spark 10 Pro ğŸ’¯% original mobile, PTA approved, sealed pack, box pack, with all accessories. thank and love u daraz and seller ğŸ¥°ğŸŒ¹ğŸ‘']","['Muhammad Z.', 'A***.', 'aamir B.']"
46,147,"['very very beautiful mobile ..i very happy.. price b okk.thanks daraz and seller ..thanku', 'Awesome mobile recieved on time very fast processor lovely color seller are very cooperative totally satisfied ğŸ‘ŒğŸ‘', 'thank you Daraz. kam price m achi chiz. saller bht acha h. mobile bht acha h. jaisa dikha waisa paya']","['Mohammad N.', 'Yasir M.', 'Shahid B.']"
47,148,"['#11.11 jitni tareef kru utni kam hy mashallah AJ tak ka sab se behtareen or aala qism ka mobile hy Meri review hy 10/10 mashallah so happy ğŸ˜ŠğŸ˜Š', 'original set and PTA approved set hai. boht hi aala mobile hai, mat forest green color hai. actual price of mobile was Rs.45000 but I ordered during daraz #11.11 sale and I got in Rs.42000 by availing two discount vouchers. daraz ny mobile buy karny ki bhi tension dur kar di hai, ghar bethy original mobile wo bhi market sey low price mein. Thanks daraz.pk', 'Product quality is amazing and reached safe at doorstep. Seller is really cooperative and friendly in communication. Recieved product as it is reflected on Daraz. Original product. 100% Gebuin. However, around Rs.2000 costly than physical market. Prices should be aligned to the market rate to eradicate price manipulation. Overall, satisfied with product quality but not satisfied with delivery and product price.']","['Raza A.', 'Hamza', 'Barkat A.']"
48,149,"['very fast delivery and origional sealed pack mobile I am satisfied', 'Ø³Ø§Ù… Ø³Ù†Ú¯ 2023 Ú©ÛŒ Ø¨ÛØªØ±ÛŒÙ† Ù¾Ø±ÙˆÚˆÚ©Ù¹ ÛÛ’ Ø¨ÛØªØ±ÛŒÙ† ÚˆØ³Ú©Ø§Ø¤Ù†Ù¹ Ø´Ú©Ø±ÛŒÛ', 'not recommended, not a good set, camera not good,touch very poor, performance also poor, charger not included in box. be careful']","['faheem', 'Khurram J.', 'Malik S.']"
49,150,"['Mobile was repacked there was no company seal when i confirmed from MI service center they confirm that mobile was Repacked and was Activated 11 days before purchasing date and this shop owner have Assured me and other customers that mobile is not repacked and you will activate for the first time they lied and they are selling the product at increased price from official price but we have comprised on price that they will give us seal pack product but they scammed us and given us a repacked product which was activated before Purchasing.', 'Nice mobile delivery in time thanks for seller', 'thank you draz and thank you seller bohat Acha mobile Hy or same colour Jo order Kia tha bohat Acha seller Hy over all very nice and good experience']","['Asim A.', 'Faisal K.', '3***6']"
50,151,"[""Original Product, Packing for logistics was excellent. Delivered on first promised day( took 4 days to deliver a standard time. price slight higher than company declared price and market price but it's ok in case of 0%installments"", 'Thanks to the seller for the phone the same as I ordered, the same color keeps your trust to people but guarantee card is Missing I ordered one more same mobile with an other number', 'received my package today good looking mobile in this price tag.']","['Nasir', '3***1', 'Atif S.']"
51,152,"['It was an absolutely amazing experience. ordered on the 17th-October night and got it around 01-pm afternoon on 18th-October in less than 12 hours. As far as the product is concerned, Samsung is always a great experience as I have been a user of it since the beginning of the Android era back in 2010. Thanks, Daraz and seller, for extreme level service. Daraz is a highly recommended e-commerce platform of Pakistan from 2016 to till date, never disappointed me with services.', 'Perfect packing timely delivery original product 100% Authentic excellent experience Highly recommended for those who afraid to buy costly items online . thanx seller n Daraz.', 'Excellent ğŸ‘Œ']","['Muhammad K.', 'Umar', 'khan K.']"
52,153,"['1 . Look & Design: Phone is awesome in look very beautiful design. Feels like premium flagship 2. Performance : Satisfactory 3. Battery : Awesome 4. Front Camera Average 5. Back Camera : Good but not excellent 6. Over all : Value for money. Recommended this item.', 'Ø¨ÛØª ÛÛŒ Ø§Ú†Ú¾Ø§ Ù…ÙˆØ¨Ø§Ø¦Ù„ ÛÛ’ Ø§ÙˆØ± Ø¨ÛØª Ù¾ÛŒØ§Ø±ÛŒ Ù¾ÛŒÚ©Ù†Ú¯ ÛÛ’ Ø¨ÛŒØ³Ù¹ Ú©ÙˆØ§Ù„Ù¹ÛŒ Ú©Ø§ Ù…ÙˆØ¨Ø§Ø¦Ù„ ÛÛ’ Ø§ÙˆØ± Ø¨ÛØª ÛÛŒ Ú©Ø§Ù… Ù‚ÛŒÙ…Øª Ù…ÛŒÚº', 'I like the product its non active device and nicely company packed. I Always order from your store. ğŸ‘ thanks i received samecolor as i want']","['Abdul S.', '3***8', 'M J.']"
53,154,"['Zabrdast mobile hy. Original packing k sath. Markeet me final 39000 ka mil raha tha. Daraz se 36500 ka mila hy. Thnkew daraz', 'Thanks Daraz. Original device in a low price and deliver safely on time. Keep it up', 'best mobile good and save and fast delivery on time.. thank you selar thank you daraz']","['Syyeda Q.', 'zahid I.', 'Saima A.']"
54,155,"['Assalam u Alaikum Received before due date original product,packing was a little poor , but seller is coprative.It was my first purchase on installment happy to get it on 0% Mark up', 'The seller was very cooperative and delivered the phone in just 3 days upon my request. The phone is just perfect and everything what I was looking for.', 'Same as described.. Amazing Packing and received just in 2 days.. Highly recommend']","['Abdul G.', 'S***n', '*******686']"
55,156,"['mobile bahot acha hai. 8 gb ram h aor rom 128 gb hain. software normal lag ra h. camera theek h. overall ais price m zabardast chiz h. saller bahot acha bnda h. main nay usy msg kr kr bht tang kya ğŸ˜‚ lkn saller nay mjhy hr bar reply di. thank you Daraz and thank you saller', 'It is the best product and the original as I have advertised, I have got no two opinions, you also order you will like daraz and service is also good and the thing is also cute and has come with absolutely good Awesome products and original Spark phone with box and charger and warranty crad thank you daraz', 'slam or thanks daraz bhot hi service ha 1din phly hi parsl rcve ho gay ha save packing Kay shat bhot hi ache device ha 2din use kry KY bad bhe koi isu ni Aya again thanks daraz']","['Shahid B.', 'Ahmad N.', '3***8']"
56,157,"['UNBEATABLE PRICE BY SELLER VERY CO OPERATIVE SELLER BUT VERY LATE ANSWERING . OVERALL 10/10 THANK YOU TO DARAZ PLATFORM', 'Product is original and as per details given. Delivered well before the committed time. Good presentable packaging, delivery is safe and sound.recommended the saller.', 'this phone is awesome in this price. specs are absolutely fantastic as compared to market. price is very reasonable and I got extra discount from my bank card so I can say I got this phone cheaper than market. very lightweight and speed is very good I am happy to buy this. #11.11']","['Muneeb R.', 'Aziz U.', 'M. N.']"
57,158,"['Excellent product, genuine and original product, PTA approved. No Patched mobile. Seller sounds a very professional and committed in such deals. strongly recommended and feel free to buy this product. Thank you Daraz and Grateful to you Dear Seller...', '#11.11 received as per specs mentioned. highly recommended.', 'Box was sealed and came with all accessories. The seller is recommended for geniune product.']","['Muhammad A.', 'Asif M.', 'Shaan U.']"
58,159,"['Mashallah 11.11 Sale Received safe packed PTA approved Dilivered in time response excellent Great Quality Satisfied original item received thanks seller and Daraz ğŸ‘ğŸ‘ğŸ˜ğŸ˜Š', 'Quality is good. Original product. Non activated', '# 11.11 brand new. pin packed. good quality. got in 20000/- only. made in Pakistan. Seller Recommended.']","['Raz M.', 'Muhammad Y.', 'AC R.']"
59,160,"['received Original Product of Redme... Seller Response Very Good and Early. Satisfied ğŸ‘', 'Mobile to Pinpack hai jaldi bi Ponch aya laikn delivery walo ne us adress pe nahi ponchaya jo adress dia tha balke call kr ke inform kia gaya or kaha gaya k a ke khud le jaye jiske ko laine k kiye mujhe 12 km dor ja ke kaina para bht afsos howa is bat pe.', 'Great mobile, fast charging bhi nahi hai and No Glass No Cover. Best for my Rayyan Ali Khan.']","['Muhammad U.', 'Saeed K.', 'Yar M.']"
60,161,"['Great phone and in same condition box packed sealed. Orrigional accessories. Everything is great but delivery was not good by leopard. They tell that delivery is not in that area.', 'Mashallah phone Tu great ha budget friendly value for money packing company packing mei tha seal pack sound system JBL company Ka ha sound la Jawab ha 10/10 for seller and for phone 10/8', 'Ù…ÙˆØ¨Ø§Ø¦Ù„ Ø²Ø¨Ø±Ø¯Ø³Øª ÛÛ’ Ø§ÙˆØ± Ø¨ÛØª ÛÛŒ Ù…Ù†Ø§Ø³Ø¨ Ù‚ÛŒÙ…Øª Ù…ÛŒÚº Ù…Ù„Ø§ ÛÛ’ Û” 8 Ø¬ÛŒ Ø¨ÛŒ 256 Ø¬ÛŒ Ø¨ÛŒ Ù…ÛŒÚº ÛŒÛ Ø¨ÛŒØ³Ù¹ Ø¢Ù¾Ø´Ù† ÛÛ’ Û” Ø§ÙˆØ± Ø³ÛŒÙ„Ø± Ø¨Ú¾Ø§Ø¦ÛŒ Ù†Û’ Ø¨ÛØª ÛÛŒ ØªØ¹Ø§ÙˆÙ† Ú©ÛŒØ§ Û” ÛØ± Ú†ÛŒØ² Ø¨ÛØª Ø¨ÛØªØ±ÛŒÙ† Ø·Ø±ÛŒÙ‚Û’ Ø³Û’ ÙˆØ§Ø¶Ø­ Ú©ÛŒÛ” Ø¨Ø§Ù‚Ø§Ø¹Ø¯Û Ø¢Ù† Ù„Ø§Ø¦Ù† ÙˆØ§Ø±Ù†Ù¹ÛŒ Ø¨Ú¾ÛŒ Ú†ÛŒÚ© Ú©Ø±ÙˆØ§Ø¦ÛŒ Ú¯Ø¦ÛŒÛ” Ø¬Ùˆ Ø¯ÙˆØ³Øª Ø¨Ú¾ÛŒ Ù„ÛŒÙ†Ø§ Ú†Ø§ÛØ¦ÛŒÚº Ø¶Ø±ÙˆØ± Ù„ÛŒÚº Ø§Ù†Ø´Ø§Ø¡ Ø§Ù„Ù„Û Ù†Ø§ Ø§Ù…ÛŒØ¯ Ù†ÛÛŒÚº ÛÙˆÚº Ú¯Û’ Ø§ÙˆØ± Ø§Ù†Ø´Ø§Ø¡ Ø§Ù„Ù„Û Ø§Ú†Ú¾ÛŒ Ú†ÛŒØ² Ù…Ù„Û’ Ú¯ÛŒÛ” Ø¢Ø±ÚˆØ± Ú©Ø±Ù†Û’ Ú©Û’ ØªÛŒØ³Ø±Û’ Ø¯Ù† Ù…ÙˆØ¨Ø§Ø¦Ù„ Ú¯Ú¾Ø± Ù¾ÛÙ†Ú† Ú¯ÛŒØ§ Ù…Ø§Ø´Ø§Ø¡Ø§Ù„Ù„Û Ø¨ÛØª ÛÛŒ Ø¹Ù…Ø¯Û Ø³Ø±ÙˆØ³ Û” Ø§Ù„Ù„Û Ø³Ø¨Ø­Ø§Ù†Û ÙˆØªØ¹Ø§Ù„ÛŒ Ø¬Ø²Ø§Ø¦Û’ Ø®ÛŒØ± Ø¹Ø·Ø§ ÙØ±Ù…Ø§Ø¦ÛŒÚº Ø¢Ù…ÛŒÙ†']","['Meerullah', 'Abdul G.', 'rizwan R.']"
61,162,"['Amazing phone within the discounted price of #11.11 I would recommend everyone if you are looking to get the basics done alright and donâ€™t want to spend too much this is the right choice. Quality is not cheap like other phones in this budget. However I do have one complaint as the phone down have a case in the box and no warranty card. #11.11', 'i am using this mobile for 5 days now. best mobile for basic tasks like whatsapp call youtube etc. i received it on 11.11 sale at price 15k which is too good deal. everyone appriciate its look. working smooth and battery timing is too good. ğŸ‘', 'Received Brand new box packed mobile. Quality Seems to be good. Performance is also fine. Excellent product, Original and value for Money.']","['Muhammad U.', 'bilal K.', 'Muhammad U.']"
62,163,"['I ordered vgotel note23, came with charger and hand free nice mobile overall good experience but price is a bit different than market.']",['mateen']
63,164,"['Thanx a lot OPPO Mobile Pakistan for quality product which i ordered & Daraz for in time delivery.', 'I recently received my parcel from the official Oppo store, and while the phone itself is excellent and original, I was disappointed with the packaging. The box arrived damaged, and there were no bubble wrap or proper protection inside. However, I must commend the seller for their polite and reasonable behavior throughout the process. I hope they improve their packaging to ensure better protection for future shipments. #OnlineShopping #OppoStore #CustomerExperience', 'Good Service.. Mobile recieved on time ğŸ‘']","['inam U.', 'Saima N.', '3***2']"
64,165,"['its PTA approved device..', 'Very Nice Mobile Thanks']","['Qasim I.', 'Raheel A.']"
65,166,"['Mobile phone kamal ka. tha bilkul ok piece tha.', 'Baki Mobil tu thk ha but battery timing thori fast ha baki best ha thanks draz seller', 'bhot hi acha ha atna price ma acha hi atya ha']","['Ali H.', 'farhat B.', 'Hamza K.']"
66,167,"['Recommended seller ğŸ’¯ fast shipping, pin packed.This phone has been warranty active 6 weeks ago on manufacture date by Samsung. Phone is original and has not been repacked. The warranty is 24 months and will expire september 2025.So hurry up before your favorite color is sold out.', ""In description section it says: What's in the box = 1 Phone , 1 Charger. But there is no Charger in the box. I know Samsung latest phone don't have chargers anymore, But then, why did your write it Like that. Moreover, the description/Specification Style of this phone in the daraz store was the worst thing I have ever seen. Kindly hire someone good. Other then of that, Original Seller(Samsung Flagship Store) is Selling Original/Sealed mobile phones. Good Delivery Service. So overall 3 Star"", '#RWC2. Genuine product with quick delivery.']","['M***.', '3***2', 'faizan R.']"
67,168,"['mobile ki packing bhi achi ha.or original sumsang ki packing ki halat ma received howa ha dil khush kar diya daraz ki service na', 'Nice Cell phone delivered safely but 1 thing is shameful that no adopter with mobile at this heavy price.. only data cable found in the box .. Great services by daraz', 'Thanks a lot Daraz for their phenomenal service and a great discount of 5000 the device is very reasonablekeeping the current situation of the inflation I would highly recommend this over all other Chinese brands the look and feel of the device is awesome same like the flagship series of samsung and performance is also acceptable overall the only drawback being the charger not included with the device, which adds another couple of thousand to the already inflated price But still I like the phone thanks again daraz for providing the great experience and service Thanks a lot Daraz ğŸ˜Šâ£ï¸ğŸ’¥']","['habib H.', 'Mrs A.', 'UMER']"
68,169,"['Deliver in 3 days No warrenty card No handfrees in box Only charger and low quality backcover in box Light weight Pakistan make set sparx Not Techno Spark Neo X But har cheez kam kar rahi hai design Acha hai Color Jo mangwaya wohi aya', 'Bht acha mobile he .Thank you.EXCELLENT Service.Delivered on time.', 'so reasonable so beautiful just like a woo â¤ï¸ğŸ˜ŠğŸ˜‚ thanks daraz and thnks seller ğŸ‘']","['3***0', '3***1', 'Muhammad M.']"
69,170,[],[]
70,171,"['befor 11.11 Sale Excellent Masha Allah and Jazak Allah for seller Allah karobar me barkat de same as shown or saller ne mujhe new dia stock abhi warrant start bhi nhi hui hai jan-24 se Dec-23 ki Warenty hai Thank You Seller & Daraz jitni Tareef ki jai kam hai 100% Geniun & Recomended', 'excelllent quality same as shown super sy bhi uper daraz sy jab bhi order kia A One rha i love daraz tanx seller also hamara itemaad bnanay k liayğŸ‘©\u200dğŸ“', 'great it as shown it was my 6th order good experience highly recommanded daraz ...A weekness delivery is too slow..... thanks Daraz and seller...mob have no privacy system very bad']","['Rizwan A.', 'M H.', 'Zahid A.']"
71,172,"[""well packed, buht hi acha original mobile,, very fast delivery within just 2 days. good seller, I'm very happy and satisfied, thanks"", 'mobile is 100% genuine....ğŸ˜ sealed pack.... seller is so much co operative... ğŸ¥° price is very low than other sellers or market....ğŸ‘ recommended to all....ğŸ‘ğŸ‘ thanks ğŸ’š', 'Great seller, Awesome, thank you so much.recommended seller']","['Amjid H.', 'Usman A.', '0***8']"
72,173,"[""it's really was a good experience , mobile phone has a brand new look, it's performance in future will prove it's ultimate quality and cost effectiveness"", 'The phone is damaged and is not working . Has been a week that I ordered a return request but havenâ€™t received any rider who can pick up the defected piece', 'Ù¾Ù„ÛŒØ² Ø³Ø± Ø§Ù¾Ù†Ø§ Ú†ÛŒØ² ÙˆØ§Ù¾Ø³ Ù„Û’ Ø¬Ø§Ùˆ Ù†ÛÛŒÚº Ú†Ø§Û’ ÛÙ…']","['3***1', 'Umer F.', '*******847']"
73,174,"['i loved the phone, its orignal n sealed brand new phone. Thank you seller.', '#11.11 excellent quality', 'mujhe mbl receive howa hai good ğŸ‘ in time and same Samsung product Jo market mn 40000 mn mil rhi this wahine daraz pe 32500 mn Melissa hai']","['3***5', 'M***.', 'Hassan A.']"
74,175,"['Securely packed and delivered. Exactly as described and ordered. There was no Tech Sirat Warranty card in the box. So I have reservations there. Apart from the warranty card All is Well.', 'Very good product and delivered on time. so far this year it is the best phone in 50K', 'Received same as advertised with color']","['Mohsin B.', 'Majid R.', 'arshad I.']"
75,176,"['MashAllah this seller Rocks once again. shayed kuch pakistanio k isi imaandari k badolat hamara mulk abhi tak salamat hai. Allah apke karobar main bht barkat dey. Excellant product. market main is rate main box pack available nhi. pehlay bhi maine inse Itel ka mobile lia tha wo bhi bht acha tha. Thanks alot seller and specially for Daraz to provide such reliable platform for us. jazak Allah.', 'not good mobile', 'Its not a good phone at all, Purana Software hy Q Mobile jesa chalta bi thk say nahi hy battery bi jaldi low krta hy, Sastay kay chakr ma apna time aur paisa waste na karen. .']","['Dr N.', 'Muhammad N.', 'Asad V.']"
76,177,"[""#11.11 The phone with the accessories seems fine but the back side of the phone in black color was not as shown in picture, rather it's kinda green and black mixed with a plain surface.""]",['A***.']
77,178,"['#11.11 i am very existed and happy, unbelievable delivery timeğŸ‘, while a quality same as shown on daraz app store. I will highly recommended the seller. thank you ğŸ˜Š for supplierâ€™s and daraz.', 'Great Mobile.']","['Syed H.', 'Muhammad S.']"
78,179,"['Thanks for Daraz & Tecno Flagship store Mobile boat acha hai or pin packed hai deliver bhi 1 din hogya. I am very happy once againThanks for Daraz & Tecno Flagship store.', ""This is my first experience buying a phone from Daraz. it's good for me. The phone is ok! non-repack/non-active. I am 100% satisfied for daraz only for this product only! Tecno 20 camon"", 'thank you so much Tecno Company Zaberdast mobile hy aaj hi lunching ceremony thi or aaj hi mil gaya once again thank you so much Tecno']","['M. F.', 'A***.', 'Z***.']"
79,180,"['Genuine and Excellent Product. Loved the fast delivery and the mobile itself. Thanks #11.11 got it on discount. will recommend the seller and Daraz to others for quality and speed. Excellent Packing as well, Package packed in bubble wrap and was originally a sealed pin pack box. All accessories included, only handsfree missing by the company...ğŸ˜­ Other than that The feel of the mobile is amazing, is light weight and fast... Applied 144hz from get go. Was a lovely experience by Daraz. Thanks!', ""I got my parcel timely I'm satisfied with my purchase. I bought it in official price before 11.11 but no gift ğŸ"", ""order placed on 15th and received today (21.09.23) daraz should work on speedy delivery. packing was good. the box was sealed packed and includes a mobile, a transparent cover, sim eject pin, cable and a 67w charger. trusted supplier. the only week point of the seller is that it doesn't reply instantly. takes too much time for reply even replied after 2 to 3 days. any ways .... thanks to daraz and the supplier. Happy yo receive my order.""]","['Muhammad A.', 'Muhammad A.', 'Muhammad A.']"
80,181,"['Mobile is original as shown in the picture I give 5 Star to the seller honest seller But the leopard courier is third class delivery they could not deliver thier behaviour is very rude', 'Bohat zabardast phone aya h same as shown mujha pehla dar tha k fake na ho but ya fake nai tha 10/10 â¤ï¸â¤ï¸â¤ï¸', '#11.11 .Excellent service by daraz.purchase on installment cheaper then market.thanks daraz']","['3***1', 'Fatima S.', 'Naveed A.']"
81,182,"['Meny jo socha tha us sy kahi gunna ziyad achi cheez paayi bhut zabadast hai hai dabba pack and One year warranty m', 'thnx sir muja umeed nahe ti muja atna Acha or bahtreen mobile mali g thnx team & thnx drazğŸ˜˜ğŸ˜˜ğŸ˜˜ğŸ˜˜', 'The phone is a star and the seller is a gem. I am always an Infinix phone lover but this one is the best of all. Phones speaker sound quality is pretty good with JBL and HiRes sound. All round fast charging works with any PD 3 charger, irrespective of brand and cable. screen brightness is excellent even if not AMOLED. The golden leather back add premium and flagship look to the phone. Thanks to the seller for answering the queries promptly and sending the pin packed, unactivated phone']","['G***.', '3***1', 'K***.']"
82,183,"['well and protected packed, delivered well before defined time. original and PTA approved device. and yes prices were more competitive than other sellers on Redmi store. just seller need to improve chat response and response time whereas he also responded chat and ensured proper and regional product delivery. good experience with seller so far.', 'Booked on 11.11.23 and delivered on 15.11.23 i.e fast delivery, original and same product i ordered. Well packaged but warranty card is not available in th box.', 'Very good service by seller, this is my second order. Product delivered on time and accuretly.']","['Dhanesh K.', 'Muhammad S.', 'Wasi U.']"
83,184,"['box was damaged. there was no seal on a box mobile was used .the gift they shown in pictures was different from what they sent .very bad experience .', 'mobiles itna mahnga lia battery time not good jo gift beja wo to bilcul h bekar ha is se acha 1000 ma jo daraz se order kary wo best ha main cheez no seal on the box box fully opened too much dispoint to see the mob and gift no handfree charger b i think change tha 3 ganty ma full charge karta din ma 2 bar charge karna parta but', 'Nice mobile and good delivery.']","['K***.', 'Iijaz A.', 'Aftab A.']"
84,185,"['ma samajhta hon mobile bohat achha ha fast ha camera achha ha lakin isma apko home screen pr hi ads milna shuru ho jainga jo hr kuch seconds bad start ho jainga ye bohat annoying experience ha', ""Very satisfied....good experience.recieved in just two day's."", 'Great new packed Phone Same like as pictures Awesome battery timing Camera result Everything is great Thank you']","['Dr M.', 'Shahzad Y.', 'A***.']"
85,186,"['The phone is very nice although the delivery was a little slow. The price was higher than the market even after discounts which is very disappointing.', 'Alhumdulillah Thank you Seller and Daraz', ""the product is same as shown price was higher than market price but it's good and same as shown recommend ğŸ‘â¤ğŸ˜Š""]","['Bakhtawar S.', 'Faisal A.', 'Asfand A.']"
86,187,"['Looks Like Repacked Andr dust thi side waly protectors bhi khrb thy', 'Orignal new product,recived after 5 days of last due date which was annoying.', '#11.11 Received Pink Gold color instead of Grey The order received too late']","['A***.', 'Habib A.', 'Shahzad H.']"
87,188,['Battery Timing ğŸª« Too Low ğŸ˜ğŸ”… Looks wize Mobile Fresh!! Double Click On & Off Screen not working ğŸ˜ After I enabled Others ğŸ˜• sides remaining to clear And final Review!'],['Mohammad A.']
88,189,[],[]
89,190,"['Very nice ğŸ‘ mobile', 'it is more than perfect... thanks daraz and thanks dealer', 'ğŸ˜…thri preshni thi mehngi chez phli dfa daraz sy buy krty hue k pta k orignle hgi k ni but dekh k sary doubt clear ho gye daraz ki dlivry srwis bht slow hti ja re bki fon A1h ğŸ˜']","['Rana A.', 'Khan S.', 'syeda']"
90,191,['waqt se pehly Dilevry hogai. mob b new he. jazakallah dear'],['3***6']
91,192,"['honest seller fast shipping phone is very good camera results also nice all over good phone and I ordered again', 'Original product, good service and quick delivery.', 'Got the parcel in 2 days. Seller was way too helpful. Product is genuine, PTA approved. 12 months warranty from Advance Telecom. A nice handful and cost effective mobile phone. Highly recommend.']","['3***9', 'reeb', '3***9']"
92,193,[],[]
93,194,"['#11.11 Very good phone and timely delivered.. impressive service', 'phone is so fine , no any scratches. phone accessories bhi complete thi, also service is soo perfect.', 'delivered same as shown.']","['Syed O.', 'Sakina R.', 'SYED T.']"
94,195,"[""Warranty card is not there. I guess it's not new""]",['S***.']
95,196,['Very good and nice mobile'],['Aqib A.']
96,197,"['Aoa Jaisa bola waisa he mobile mila bohat khushi howi seller bi bohat cooperative ha jo color kaha wohi bheja thx seller market rate se kam pr mila zbrdst shabash', 'Highly recommended beautiful Mobile thank you seller ğŸ˜', 'Color was different than I order. I ordered purple but got black. The box of phone was already opened. Bad experience.']","['Muhammad A.', '3***6', 'Zain N.']"
97,198,"['pehli br draz sy itni mehnghi cheez li ha. i was so scared. wo b advance payment py. ak tu is me headfone include nhi. wo msla company ka ha. dusra black color order kia ta. seller ny bina pochy yh bej dia. itna issue ni h at least ak br pochna chye na? i pay 41000 for it k market sy b zada h. wo b adjustable h. phone mujy bht psnd aya isk features. clr ghlt bejny ki wja giving 4 star.', 'Perfect Mobile reasonable price , Delivery with in 2days Seller was good Thankyou so much', '- Very good quality built - Good performance - Safely delivered - Good seller service']","['Samia R.', '3***8', 'View P.']"
98,199,"['Thanks Daraz and seller, excellent service same as shown in picture and producg receive in 3 days', 'buht pyari device h original PTA approved h thanks daraz and seller. â¤ï¸â¤ï¸', 'original product hy A1 quality ky sath...munsab price ma... thanks']","['Wasi U.', 'Aitsam P.', 'i***z']"
99,200,"['Deliver on time good product ğŸ‘', 'Product quality is good as per the expectations, its value for money. But price is comparatively bit high as per the market.', 'original product delivered .... reliable seller ....... timely delivered ....!']","['Faheem Y.', 'Waqar B.', 'daud A.']"
100,201,"['Bht acha mobile hğŸ˜hm bht khush hain itna acha r discount py mobile khareda hmny â¤ï¸thank you so much daraz and seller ğŸ’•ğŸ˜seller is really very cooperative ğŸ˜Allah apko khush rkhy amen. â¤ï¸Jo Jo chez mentioned h description mein. Wo sb delivered hoi hğŸ˜ğŸ’™', 'excellent mobile with brand name on this price with 2 years security warranty. ğŸ‘', 'Best mobile in this price. Big screen he. Nicely raped by seller. Recommended for midrange persons.']","['Ahmad M.', 'SHAHID A.', 'Muhammad A.']"
101,202,"['Experience was good, delivery on time', '#11.11 mashallah buhat he achi product hai daraz NO.1 app in Asia thank you daraz thank you sallerâ¤ï¸â¤ï¸â¤ï¸â¤ï¸â¤ï¸â¤ï¸', 'ordered 2 phones from the seller it was recieved in pinpack condition and this one is working fine ALHAMDULILAH']","['Sheikh M.', 'Abbas ?.', 'durreshahwar A.']"
102,203,"['ALHAMDULILLAH ACHA MOBILE NIKLA.... JAZAK ALLAH DARAZ.... MN NY DARAZ SY DO MERTABA MOBILE MANGWAYA HY', '', 'ok, satisfied but it was Nokia 105 not Nokia 106.']","['Tanweer A.', '3***8', 'Aman K.']"
103,204,"['Just received didnâ€™t open yet, Took 16 days to deliver. Daraz had no idea and could not help at all. Somebody should pay for this delay.', 'The product received well packed and within timeline. Comes with e-warranty so nothing to worry about. Nice n cooperative seller.', '#11.11 Very good phone set.. recommended']","['Abubakar M.', 'Omair', 'Syed O.']"
104,205,"['Ø¨Ø±Ø§Ù†Úˆ Ø§ÙˆØ±ÛŒØ¬Ù†Ù„ ØªÚ¾Ø§ Ù¾ÛŒ Ù¹ÛŒ Ø§Û’ Ø§Ù¾Ø±ÙˆÙˆÙ„ ØªÚ¾Ø§ Ù†Ø§Ù† Ø§ÛŒÚ©Ù¹Ùˆ ØªÚ¾Ø§ Ù…ÛŒÚº Ù†Û’ Ø®ÙˆØ¯ Ø§ÛŒÚ©Ù¹Ùˆ Ú©ÛŒØ§ Ø¯Ø±Ø§Ø² Ú©Ø§ Ø³ÛŒÙ„Ø± ØªÚ¾ÛŒÙ†Ú© ÛŒÙˆ ÚˆØ¨Û’ Ù¾Û Ù¾ÛŒ Ù¹ÛŒ Ø§Û’ Ø§Ù¾Ø±ÙˆÙˆÙ„ Ù†ÛÛŒÚº Ù„Ú©Ú¾Ø§ Ø§ÙˆØ± ÙˆØ§Ø±Ù†Ù¹ÛŒ Ú©Ø§Ø±Úˆ Ø¨Ú¾ÛŒ Ù†ÛÛŒÚº ÛÛ’ Ø¬Ø¨ Ù†ÛŒÙ¹ Ù¾Û Ú†ÛŒÚ© Ú©ÛŒØ§ ÙˆØ§Ø±Ù†Ù¹ÛŒ Ø³Ù¹Ø§Ø±Ù¹ ÙˆÛŒ Ø§Ø³ÛŒ Ø¯Ù† ÛÙˆØ¦ÛŒ Ø¬Ø¨ Ø§ÛŒÚ©Ù¹Ùˆ Ú©ÛŒØ§ Ù…ÛŒÚº Ù†Û’ Ø§Ù† Ù„Ø§Ø¦Ù† ÙˆØ§Ø±Ù†Ù¹ÛŒ Ù…ÙˆØ¬ÙˆØ¯ ÛÛ’ Ù¾ÙˆØ±Û’ Ø§ÛŒÚ© Ø³Ø§Ù„ Ú©ÛŒ Ø§ÙˆØ± Ù¾ÛŒ Ù¹ÛŒ Ø§Û’ Ù¾Û Ø¬Ø¨ Ú†ÛŒÚ© Ú©ÛŒØ§ ØªÙˆ Ù¾ÛŒ Ù¹ÛŒ Ø§Û’ Ø§Ù¾Ø±ÙˆÙˆÙ„ Ø¨Ú¾ÛŒ ÛÛ’ Ø¨Ù¹ Ú©Ø§Ø±Úˆ Ù†ÛÛŒÚº ÛÛ’', 'everything went smoothly It took 3 days to get it delivered.', 'good product highly recommended thanks Daraz #11.11']","['Zulfiqar S.', 'Osama S.', 'syed U.']"
105,206,"['EXCELLENT PACKING ğŸ‘Œ& MOBILE ORIGINAL AS PER SELLER DESCRIBED. HIGHLY RECOMMENDED ğŸ‘. MOBILE IS SO CUTE & SLIM LIGHT WEIGHT. MOBILE WORKING GREAT & CHARGING FASTLY. MOBILE WITH ANDRIOD 13 VERSION & MOBILE SPEED FOR REGULAR USAGE BEST. HONEST & BEST SELLER WITH HUGE DISCOUNTS. ALL ACCESSORIES INCLUDED. DARAZ BEST.', 'Good Mobile Genuine, Trusted Seller.. Thank You So Much.........', 'Same received as shown. Thanks a lot of seller and daraz also. ğŸ‘â¤ï¸ğŸ‘']","['Essa B.', 'Asad U.', 'Sajid A.']"
106,207,"['Amazing, delivered on time and quality is amazing']",['Ghazia R.']
107,208,"['mobile bilkol original hae or bhot achi packing Kar k vendor nae Bheja or Kafi fast delivery thi 2 days Mae mare pass pohanch gaya thanks to daraz team and vendor and Lapboard company.', 'Seller is very cooperative. Had a very good experience buying this cellphone. Original product and professionalism from seller is more than good.', 'everything is fine']","['Azfar K.', 'M***.', 'Muaz M.']"
108,209,"['#11.11 Genuine seller, he sent exact same item as shown. Phone was seal packed and brand new. Loved the phone. Such a great buy in so affordable priceğŸ¥ºâ¤ï¸ totally loved it.... highly recommendedğŸ˜ Thank u daraz Thank u seller .... 5 stars from my sideğŸŒŸğŸŒŸğŸŒŸğŸŒŸğŸŒŸ', 'very nice set seller is very cooperative special thanks color is same as asked', 'nyccc mobile delivery time very short jasa mobile dhka tha wasa he haa']","['s***.', 'NAVEED A.', 'Mi S.']"
109,210,"['Product is original. Charger, Cable, Protector & cover was also present in box. Only system of warranty is unclear. Delivery was very late.', 'very nice PTA prove nice bht bht Khushi hoi mobile dykh kr thanks draz', 'We get it fast delivery and good item with warranty']","['Guest G.', '**********84', 'S***.']"
110,211,"['mashallah bohat pyara mobile phone hai charj 5.0 zabadat hai', 'very amazing product ğŸ‘ğŸ˜„', '']","['Raeessagar', 'Maniha A.', 'aziz A.']"
111,212,"['', 'Mobile Acha tha jo Color manga tha wohi send kia seller ne thanks', 'good set lakin colour jo manga wo nhe mila tha bus...']","['ismail', 'Naresh K.', 'MOHSIN I.']"
112,213,"['Nice one receive same as pic and good packing nice seller service and PTA approve device very nice..â¤â¤â¤', 'very nice good ğŸ‘ğŸ‘ğŸ‘', 'Very Nice and cooperative Seller. My Parcel received in 24 hours. Delivery Service is very Good. Overall Mobile packing is very Good.']","['Muhammad F.', 'Muhammad F.', 'Bilal A.']"
113,214,"['seller is very cooperative and well manner. I will recommend. I have received techno spark 10 pro same as I ordered. I will give him five star because I requested him to deliver the mobile as soon as possible and he did the same I have received my parcel in 2 days only . I loved to buy again from him. thanks', 'Today I received my ordar 1st ko ordar kiya tha. 3 days mai recive hogya jaisa dekha tha waisa ge aya color ja issue tha tu seller nai contact kiya I appreciated hus effort set sach m bht acha hy', 'Masha allah bht acha mobile Hy. delivery bht jaldi hogai Hy. .... thank you so much']","['Muhammad I.', 'Hina F.', 'sidra K.']"
114,215,"['received the parcel in appropriate condition. price is good seller was coperative. color size and sleakness of the mobile is kamaal. i hope it would work fine.', 'received well packed in perfect condition, overall very happy with my purchase and will be buying again', 'The mobile blacked out after 4 days. It is a fake product. The seller is not solving the problem. Donâ€™t buy this is a big scam. The seller is very dishonest. It is Draz mall approved product and even the Mart is not copererating and taking any responsibility']","['M***.', 'Jehangir K.', 'Shazia R.']"
115,216,"['100 percent original product. The seller shipped fast but the daraz delivery service was very poor because of the #11.11 sale. received 3 days late after delivery timeline.', 'Genuine & Authentic product. Seller is highly recommended & professional who responds to all my queries on time.', 'Orginal Mobile recommended to all']","['Moazzam', 'Mati M.', 'Syed I.']"
116,217,"['Tecno spark 10C genuine mobile condition ok new piece i liked it very much', 'Received on time the seller was very cooperative. originally requested green colour but due to unavailability from company, had to settle for blue.', 'excellent seller good cooperation timely delivered']","['Muhammad U.', 'Salman S.', 'Ø¹Ù†Ø§ÛŒØª Ù†.']"
117,218,"[""Overall satisfied with the product and timely delivery. However there is one grievance with the buyer i.e. I was communicated that blue color is out of stock therefore I went for black. However, blue was still shown available on the product page. Won't deduct any points for that though overall experience was good!""]",['Talal S.']
118,219,"['Both Acha phone hai tanks seller thanks daraz colour b outstanding hai use main behtreen use k bÃ ad view dy rahe thanks again', 'very positive approach and was as I ordered and mobile is working good. very happy to have that thans to retailer and also to daraz. as per my expectations fingerprints senser and fast charging not available. my suggestion is to please write all specifications on ad. Dex tracking number is not working on website but phone was delivered on very 1st of expected dates between 18 July to 21 July and received on 18th of July. was surprised and happy. good response front retailer on every chat but very poor or no response from daraz chat. due to daraz no response and tracking ID status not available on website, I was afraid and confused and wanted to cancel my order if not reached on 18th of July but was surprised to have that. please improve response to have good customer experience. Thank you', ""It's really good ğŸ‘ Original Samsung product with best hardware and software nice screen panel and camera also According to price it is the best mobile from a brand In one sentence It is value for money device""]","['rubina A.', 'Mehboob U.', 'MATTI U.']"
119,220,"['Nice same as description no fault but invoice bill or warranty card is not included how I claim my mobile and resealed box', 'Alhamdulillah overall mobile is good as shown pin pack and given what they showed...just a little confusion about the warranty of the phone as I know that now E-warranty is there but how I check the warranty of my phone as there is only a book on which warranty card is written should I check it on Xiaomi official E warranty website?? And one thing more for seller there is no PTA approval sticker mention on box nor there is any thing regarding PTA approval in the box but I checked for my confirmation it is approved but you have to mention this on the box also.... now E-warranty is expired or may this phone is a without warranty phone so why you wrote that 1 year brand warranty????', 'Received brand new phone. same as shown in pictures']","['MUHAMMAD W.', '*******886', '3***5']"
120,221,"['Received original product. Delivery time was also good. overall good experience', 'Perfect and genuine!', 'Thank u draz ğŸ¥º']","['Waseem S.', 'A***.', 'Shahid K.']"
121,222,"['Recieved in good condition Phone is good, but not for children, bcoz there are many unwanted apps and advertisements open by self, so please Realme keep some changes,', 'bohat zabardast phone hai, achi packing thi, safely ship hova. phone genuine hai aur pin pack bhi. Jazakallah', 'Alhamdulillah got my phone safe and secure. Work perfectly ğŸ‘']","['S***.', 'Muhammad Z.', 'waqar R.']"
122,223,"['Its other wise is good but battery runs so fast and also runs a bit slow other wise its all good', 'MaashaAllah acha phone hai, battery bhi pura din chalti hai, thanks seller', 'acha product Baja hai acha seller ha']","['amjad R.', 'Artisit M.', 'Muhammad S.']"
123,224,"['Great product', ""Great product and arrived as mentioned. Didn't find a charging brick in the box but understand it would be probably Samsung not the seller"", 'Mobil bot Acha hai sab ko bot pasand aya']","['D***.', 'Muhammad S.', 'Prince D.']"
124,225,"['perfectly packed and quickly deliver good device same as shown', 'highly recommended buht Acha mobile hay delivery b on time hay']","['ather I.', '****9']"
125,226,['Delived time good .But I purchase light blue . received only blue'],['*******228']
126,227,"['Amazing phone in that price, highly recommend']",['Inam K.']
127,228,['zabardast ğŸ‘ğŸ»'],['Muhammad A.']
128,229,"['nice packing zbrdst chez culty kmal pin pack', 'Very good product ğŸ‘ğŸ‘ğŸ‘', ""It's good.... I like it""]","['Rai M.', 'javaid I.', 'E***.']"
129,230,"['Nice product. Supplier is supportive. But not satidfied with the delivery which was very late', ""Box quality and phone quality was 5/5 and seller is very nice delivery was before the given date 22 Nov and I received it today 19 Nov thanks daraz and this seller until now I didn't find any issue on this phone I will keep u guys updated I hope i find no I issue good luck to the seller ğŸ«°may Allah give u successğŸ†ğŸ’ª and this phone has bypass and reverse charging option also â¤ï¸\u200dğŸ”¥â¤ï¸\u200dğŸ”¥â¤ï¸\u200dğŸ”¥"", 'We are satisfied this product and fast dekiwary']","['Kashif I.', 'Mohammad S.', 'S***.']"
130,231,['Best seller original product thanks daraz'],['3***5']
131,232,"['Very thankful Daraz and seller product recive original and same as pics Thanks', 'Good product in this price. very sleek and smart design', 'I ordered White color phone and paid upfront to daraz and then the seller sent this black color cz white was not available with him. Extremely bad on part of the seller.']","['3***3', 'waqas B.', 'Waleed K.']"
132,233,[],[]
133,234,"['good hai, body achi hai performance b achi hai but camera result guzare laik hai', 'Thank you so muchğŸ˜Š amazing product Thanks darazğŸ¥°', 'good product nice mobile in this price.good expiries. seller very nice man. thanks draz.']","['Waqar M.', 'Muhammad T.', 'Rao K.']"
134,235,"[""price was reasonable but the quality of the phone is low. wifi doesn't work on it properly also it gets heated up quickly. just for normal use but at least wifi should work properly. also after returning the phone, they didn't send back the handfree."", 'Quick delivery. accurate product. good experience.', 'just fine']","['Iram A.', 'Umair K.', 'Waqas R.']"
135,236,[],[]
136,237,"['Zbrdst......Same as mentioned......Full Paisa Wasool Trusted Seller', 'good mobile price itel s23 only draz pk', 'very good mobile in economical price. the same product received which was ordered. we appreciate timely delivery.']","['Hassan M.', 'zubair K.', 'Aftab A.']"
137,238,['Fast and furious type delivery service. I received original product. highly recommended to this saler.'],['Farooq A.']
138,239,[],[]
139,240,"['Thanks ğŸ‘ to seller and Thanks to rider very fast delivery ğŸšš Thank you so much â™¥ï¸ i also uploaded unboxing video on YouTube Thank you Daraz', 'good experience as usual I received original product with brand warranty card packed and intact box ğŸ˜˜', ""The mobile phone was in best condition as it was delivered. I'm satisfied by this service and its highly recommended. My phone is working in best condition ğŸ’¯âœ¨ï¸""]","['Tufail S.', 'a***t', 'Naeem']"
140,241,"['excellent product. recieved within a week.. thank you Daraz and Seller', 'Delivery in 2 days & remarks 10/10', 'I greet such honest trader because of delivery at time and geniune product.Infinite thanks.May Allah you live long and progress by leaps and bounds.']","['Muhammad T.', 'Shoaib J.', 'Ruman R.']"
141,242,"['I purchased mobiles before from this seller. Best seller on daraz and trustworthy. I got the order the very next day. The original genuine pin packed mobile received, unboxed the mobile by myself. Again got satisfied with their service and package.', 'Received very fast. in very good packing. satisfied and recomended', 'Thanks ğŸ˜Š Excellent Presentation ğŸ‘']","['Salman T.', 'Syed N.', 'Yasir I.']"
142,243,"['Over All Phone Is Good Condition Is 8/10 I Run Stress Test On It And The Results Is Amazing', 'mobile ki condition 9/10 he . official PTA approved he camera bahoot Acha he. seller ne ache SE guide Kiya.', 'Mobile received today in 10/10 condition, physical & esim both are official PTA approved, one of my mobile technician friend told that mobile is in genuine condition. Totally scratch free. Seller is also very cooperative person. Thanx seller for providing such a perfect fone. â¤ï¸â¤ï¸â¤ï¸']","['Husnain A.', 'Jafar M.', 'M. I.']"
143,244,"[""Good Packing And Fast Delivery, Mob is Same As Shown. I'm satisfied from this seller (Shop-Tech Karachi). You shoud also buy from this sellerğŸ™‚"", 'Seller was kind enough to inform that black color is not available... And on insistence he arranged the black color', 'Mobile buhat he piyara ha bilkul original ha seller b buhat cooperative ha. Highly recommended, thank you Daraz']","['Haris F.', 'Affan K.', 'Zahid H.']"
144,245,[],[]
145,246,"['Good thing for me.', 'Both Aala cell phone hey. 3rd set purchase from same vendor, vendor b boht coaprative hey, delivery very fast.thanks to Daraz', 'very good Mobile 2nd set purchase from same seller, very good seller, thanks to draz']","['Tayyab A.', 'Basharat A.', 'Basharat A.']"
146,247,"[""I'm extremely satisfied with the mobile I ordered. The product is in great condition as shown on add, the service was excellent, and the delivery was incredibly fast, just two days after ordering. Thank you Daraz and SellerğŸ‘"", 'great seller.. fastest delivery...10/10 points for seller...Jo purchase kiya whi Aya...sellerğŸ‘', 'Pathetic supplier. Wrong color dispatch and Daraz people also not check product before pack in flyer very disappointed .']","['Khalid H.', '0***7', 'Abdul M.']"
147,248,"['Excellent service, quickest delivery with in 36 hours and fabulous product with safe packing', 'Mobile bht acha hai orignal hai use mein bht he acha hai camre ka result bht kaml hai or darz ny packing bht achi ki the', 'Value of money, Genuine product,']","['Muhammad A.', 'umer', 'Sarfraz A.']"
148,249,"[""repacked and used phone sold by this sellerÛ” no response on complaintsÛ” don't know that phone may be refurbishedÛ”""]",['Khawar S.']
149,250,"[""Alhamdulillah, With in 3 day's I have received same mobile which was selected by online given pictures.it was my 1st purchase by daraz and found excellent service.thanks,"", 'satisfied, price slightly high than local market, as it may be logical, over all bravo experience', 'Mobile tk theak ha bus charjer c type nahe ha or mobile covr bhe nahd sath .....']","['Sagheer S.', 'Roshan A.', 'S***.']"
150,251,"[""mobile was box packed and looks very good.. let's see it's durability"", 'Mashallah Buht hi Achi parking he or delivery bhi fast hoi or seller ka response bhi buht acha Raha thank you.ğŸŒ¹', 'totally satisfied with the service']","['Haroon S.', 'Ahmad A.', 'fatima A.']"
151,252,"['Ø§Ù„Ø³Ù„Ø§Ù…Ù Ø¹Ù„ÛŒÚ©Ù…, I received original Mobile with fast delivery, Packing achi thi, bubble wrapped, Thanks to seller and very thankful to DARAZ. purchase with a good discount in 11.11. BOHAT ACHA MOBILE HY, Jo colour bola tha wo hi aya hy with all accessories, like pouch, protective glass, charger C-type, and data cable, sim ejector pin, warranty Card.', 'Excellent product. Same as shown in add. Fastest delivery ever. Highly recommended this seller.', 'Thank you, same as shown in the picture and fast delivery. Honest buyer recommended.']","['Imran A.', 'Hamza K.', 'Javed I.']"
152,253,"['Excellent Service. Disappointed to get the different color, ordered Black but got blue. The order got confirmed from Daraz and the seller. The seller confirmed the color before sending. Could not cancel due to Voucher and Sale. It was a gift to Father and he liked it, so no complaining to the seller. The delivery was a little late but thanks to Daraz got the parcel on time. Thanks to the seller and #11.11 Sale on Daraz.']",['Muhammad A.']
153,254,"['Excellent mobile in this price category reviewing after one week use.', 'Ù…Ù†Ø§Ø³Ø¨ Ù‚ÛŒÙ…Øª Ù…ÛŒÚº Ø´Ø§Ù†Ø¯Ø§Ø± Ù…ÙˆØ¨Ø§Ø¦Ù„. Specifications are as shown. RAM: 16, ROM:256. I strongly recommend this product. ğŸ¥°', 'Good mobile in given price camera is not that crisp as I expected. Rest very good phone']","['Muhammad O.', '3***1', 'Syed S.']"
154,255,[],[]
155,256,"['#11.11 lush phone hai', 'good']","['Muhammad I.', '3***1']"
156,257,"['Quality is Good ğŸ‘ I like the product Receive On time Receive Before Delivery time', 'excellentğŸ’¯ğŸ‘ results']","['M. U.', 'irfan']"
157,258,"['Ø¬Ø³ Ù†Û’ Ø§Ø³ Ú©ÛŒ Ù¾ÛŒÚ©Ù†Ú¯ Ú©ÛŒ ÛÛ’ ÙˆÛ Ù¹Ú¾ÛŒÚ© ÛÛ’ Ù„ÛŒÚ©Ù† Ø¬Ùˆ Ø±Ø§Ø¦Ù¹Ø± ÛÛ’ Ø¯Ø±Ø§Ø² ÙˆØ§Ù„Ø§ ÙˆÛ Ø¨ÛØª Ù„Ø§Ù¾Ø±ÙˆØ§ÛÛŒ Ø³Û’ ÚˆÙ„ÛŒÙˆØ± Ú©ÛŒØ§ ÛÛ’', 'good product and price', '']","['S***.', 'MOHSIN I.', 'Kalyan']"
158,259,"[""I'm satisfied with parcel same as shown cool product ğŸ¥° Thanks daraz""]",['M***.']
159,260,"['Excellent product', ""phone received but it's repacked and there is no warranty card inside the box. The response from seller is very pathetic as well."", 'Phone arrived on time & undamaged parcel. Product is as described, and PTA approved.']","['0***0', 'Naeem I.', '3***6']"
160,261,"[""I ordered from the official vivo flagship store just to make sure that the quality of product and delivery should be upto the mark. However, they didn't send me the earbuds that was part of the package. I sent the msgs to the seller, but they didn't replied. Very poor turn around time by the seller."", 'Pin pack box thanks to daraz and vivo', 'Highly recommended the product. slow delivery.']","['3***8', 'Malik M.', 'Ashraf S.']"
161,262,['good same as shown in pictures'],['Hurara M.']
162,263,['10 by 10 conditions. official PTA on my cnic. Thanks daraz and thanks seller.'],['Bashir M.']
163,264,"['#11.11 Pin packed phone received in good condition. Bought with discount on 11.11 sale.ğŸ‘ğŸ‘ğŸ‘', 'it reached me in 6 days. #1111', 'mobile bohat acha ha but seller ki service achi ni ha order bohat ziada Late Mila ha or seller proper koi waja bi nai bataraha hota k Late Q horaha, jisny pahly order dia ha usko pahlay dispatch nai Kia']","['Ahmad H.', 'Riaz C.', '0***6']"
164,265,"['Ø¯Ø±Ø§Ø² Ø²Ø¨Ø±Ø¯Ø³Øª ÚˆØ³Ú©Ø§Ø¤Ù†Ù¹ ÛÛ’ Ù…ÙˆØ¨Ø§Ø¦Ù„ Ø¯Û’ Ø±ÛØ§ ÛÛ’ ÙˆÛÛŒ Ù…ÙˆØ¨Ø§Ø¦Ù„ Ø¨Ú¾ÛŒØ¬ÛŒ Ø¬Ø³ Ú©Ø§ Ø¢Ø±ÚˆØ± Ø¯ÛŒØ§', 'I order white color but seller sent me black color, I told him white color I want otherwise cancel my order..']","['Altaf H.', 'Fahad H.']"
165,266,"['Beautiful,fantastic easy to use fast charging']",['3***4']
166,267,"['Mobile received in good packing and is working excellent. I am very happy and gives 5 stars', 'Original Mobile hai Honest seller I give 5 Star to seller But leopard courier service is third class courier service their behaviour is very rude', ""Received my product 4 days ago Same as shown in picture, no damage, and phone is working fine This phone is best at this price and according to the company I'll recommend this phone""]","['Israr U.', '3***1', 'B***l']"
167,268,[],[]
168,269,"['delivery very quickly I love the service and also product box packed tha and very nice mobile feeling very good to use thanks ğŸ‘â˜º', 'sb sy pehly seller ap bohtttttt achy hain or apka product b..belkul new mobile or mashallah belkul thek..merry bety ka birthday gift tha .thnx thnx thnx apko MERI TRF sy 10 â­â­â­â­â­â­â­â­â­â­or dheeer sari duyen alag sy..main boht Khush Hun or Mera beta b.. recommended all my frnds and sisters brother.ap sb in seller sy kharedn ..boht honest hain jazakallah', 'All is good ! Delivery fast ! But sometimes become hang, and automatic become in standby mode,']","['Sabeena G.', 'hoor K.', 'Abrar K.']"
169,270,[],[]
170,271,['#11.11'],['3***0']
171,272,"['seller ne repack kar ke mobile diya he, jese hi mujhe mobile mila to mene check kiya ye 11 November se active he. Very much disappointed by the seller and by Daraz too, that Daraz is allowing such deceivers. lastly, the phone is without warranty', 'ğŸ‘ğŸ»ğŸ‘ğŸ»', '']","['Mahmood H.', 'Zeeshan', 'Arsalan Z.']"
172,273,"['Best mobile highly recommend this seller ğŸ˜ƒ thanks to seller and daraz ...time se pehly mil gya mobile....ğŸ˜‡', 'overall good experience']","['syed O.', 'Amin L.']"
173,274,['genuine product with huge discount at Daraz 11.11 offer'],['Atif N.']
174,275,"['Amazing service, delivered next day of order confirmation. Good packaging. Charger, handsfree, warranty card was in the pack. Great experience', 'Ma sha Allah buht acha mobile he delivery bhi time se meli. thanks siller and daraz.', 'original product.']","['Genuinely C.', '3***8', 'Jawwad A.']"
175,276,['Value for money ğŸ’°ğŸ˜€'],['Ù†***.']
176,277,"['Genuine product, company sealed. I recommend this seller']",['abdullah Z.']
177,278,"[""waited for Redmi Note 12 Pro's release at Xiaomi official store, but found no confirmation. Opted for this seller, initially seeking grey, only white and blue were available. Seller was kind & arranged the grey variant. Grateful for their responsiveness and a quick 2-day delivery, increased trust in Daraz with upfront debit card payment. arrived properly sealed, PTA approved. Impressed by fast charging, phone responsiveness, clear call quality, and excellent camera results. Highly recommended ğŸ˜‡"", '100 % Genuine Product , Too fast delivery by seller , Fast seller response perfectly packed by daraz I really enjoy the super fast and safe delivery by daraz Thanks Daraz Thanks sid sad communication seller', 'i ordered Black one, but i got white one which is beautiful. The product is pin packed, original packing and safe package, fresh and decent pricing range. The Vendor is very responsive and loyal. I have a wonderful experience and definitely I will purchase more in future.']","['Talal F.', 'Kashif A.', 'irfan R.']"
178,279,"['#11.11 Phone received on 4th day. Package was roughly handled. Very ordinary packing by seller even after repeated requests, he just wrapped it and sent. Leopard is always poor, box edges have become rounded due to mishandling. Luckily phone is safe and working. Mobile is perfect in every aspect. Alhumdulillah', ""it's worth its price. Quick delivery and good service by the dealer"", 'Genuine Products. Thanks #11.11']","['A***.', '*******090', 'Aamir M.']"
179,280,"['A very good phone with all quality features at a reasonable price. With 50 megapixels AI camera and internal memory of 128gb you can get 4 +4 gb Ram.. The packing was fine the delivery is fast with quality service. Recommend this product and Thankyou DARAZ for provision of quality items fastly.', 'Good product in the price range', '']","['Syed W.', 'N***.', 'F***n']"
180,281,"['Value for Money, with a renowned brand name', 'Good product with huge discount at Daraz 11.11']","['Muhammad H.', 'Atif N.']"
181,282,[],[]
182,283,"['Alhamdulillah, original pin packed pta approved set received, happy with the seller and delivery service.', '', 'Ø¨ÛØª Ú¾ÛŒ Ø§Ø¹Ù„ÛŒ Ú¾Û’Û”ÚˆÛŒÙ„Ø± Ø§Ú†Ú¾Ø§ ØªØ¹Ø§ÙˆÙ† Ú©Ø±Ù†Û’ ÙˆØ§Ù„Ø§ Ú¾Û’Û”Ù…Ø¬Ù…ÙˆØ¹ÛŒ Ø·ÙˆØ± Ù¾Ø± Ù¾ÙˆØ±Ø§ Ø¹Ù…Ù„Û Ø§Ú†Ú¾Ø§ ØªØ¹Ø§ÙˆÙ† Ú©Ø± Ø±Ú¾Ø§ Ú¾Û’Û”']","['Saeed A.', '*******053', '3***2']"
183,284,"['both hi acha products Hy Jo cheez dikhai gae Hy wo hi hy', 'good quality mobile recommended', 'Delivered on time.....Sealed dabba pack mobile']","['Mushtaq H.', 'Syed I.', 'zaman']"
184,285,"['superbbb excellent amazing saller is very cooperative. 29ko bola tha 29 ko he deliver hoa box packed sealed mobile hai mujhy buhat pasand aaya 1st time daraz se etni expensive koi chee mangwai dar lag raha tha but dil khush kar dia,. thank you daraz thank you saller ALLAH PAK ap k kam mein aur barkatein ata farmaein. AAMEEN', ""the phone is good and have long lasting battery but the only one thing that i noticed that it bit lag sometimes i noticed that thing 3 times in my first day but. now it doesn't lag now and working fine"", 'sir gee Sahi say kaam nhi karta ye mobile ab me kia karo kuch batawo sir kia is chang ya wapaas kar sakty hu pliz sir']","['muzna S.', '3***5', 'Armani']"
185,286,"['Satisfied with seller, original product received with perfect safe packaging. Reviewing after using days. Very Happy with purchase, thank you daraz & seller.', 'Box pack ha acha ha lekin jo color order kiya thaa who nhi ğŸ˜€', 'bhai charger nahi he']","['3***7', 'Muhammad I.', 'Aijaz H.']"
186,287,"['Behtreen product h jo kaha wohi behja h genuine product behji h thanks Kashif Electronic thanks daraz', 'Original Product same as shown Recommended']","['Faizan H.', 'Muhammad N.']"
187,288,[],[]
188,289,[],[]
189,290,[],[]
